0,1,,
0,出張申請,,
0,2017-05-01,,
1,2-0-0-1-1-0-0-0-0-0-none-0-0-0-0-none,,
2,1-出張期間-0-1-1-0-0-0-0-0-none-0-0-0-0-none,,
3,3-0-left-1-6-0-0-0-0-0-none-0-0-0-0-none,,
4,30-0-0-0-0-0-0-kikan01s-0-kikan01s-none-3-0-10-0-none,,
5,10-&nbsp;～&nbsp;-0-0-0-0-0-0-0-0-none-4-0-0-0-none,,
6,30-0-0-0-0-0-0-kikan01e-0-kikan01s-none-3-0-10-0-none,,
7,4-0-0-0-0-0-0-0-0-0-none-0-0-0-0-none,,
8,5-0-0-0-0-0-0-0-0-0-none-0-0-0-0-none,,
9,2-0-0-1-1-0-0-0-0-0-none-0-0-0-0-none,,
10,1-出張先-0-1-1-0-0-0-0-0-none-0-0-0-0-none,,
11,3-0-left-1-6-0-0-0-0-0-none-0-0-0-0-none,,
12,10-0-0-0-0-0-0-saki01-0-saki01-none-2-0-80-0-none,,
13,4-0-0-0-0-0-0-0-0-0-none-0-0-0-0-none,,
14,5-0-0-0-0-0-0-0-0-0-none-0-0-0-0-none,,
15,2-0-0-1-1-0-0-0-0-0-none-0-0-0-0-none,,
16,1-出張目的-0-1-1-0-0-0-0-0-none-0-0-0-0-none,,
17,3-0-left-1-6-0-0-0-0-0-none-0-0-0-0-none,,
18,20-0-0-5-80-0-0-0-0-mokuteki01-none-0-0-0-0-none,,
19,4-0-0-0-0-0-0-0-0-0-none-0-0-0-0-none,,
20,5-0-0-0-0-0-0-0-0-0-none-0-0-0-0-none,,
21,*,飛行機手配,
22,2-0-0-1-1-0-0-0-0-0-none-0-0-0-0-none,,
23,1-飛行機手配-0-1-7-0-0-0-0-0-none-0-0-0-0-none,,
24,5-0-0-0-0-0-0-0-0-0-none-0-0-0-0-none,,
25,2-0-0-1-1-0-0-0-0-0-none-0-0-0-0-none,,
26,1-日付-0-1-1-150-0-0-0-0-none-0-0-0-0-none,,
27,1-航空会社-0-1-1-130-0-0-0-0-none-0-0-0-0-none,,
28,1-FROM-0-1-1-130-0-0-0-0-none-0-0-0-0-none,,
29,1-TO-0-1-1-130-0-0-0-0-none-0-0-0-0-none,,
30,1-発着-0-1-1-130-0-0-0-0-none-0-0-0-0-none,,
31,1-時間-0-1-1-130-0-0-0-0-none-0-0-0-0-none,,
32,1-管理部-0-1-1-130-0-0-0-0-none-0-0-0-0-none,,
33,5-0-0-0-0-0-0-0-0-0-none-0-0-0-0-none,,
34,*,飛行機手配ここから01,
35,2-0-0-1-1-0-0-0-0-0-none-0-0-0-0-none,,
36,*,日付,
37,3-0-left-1-1-0-0-0-0-0-none-0-0-0-0-none,,
38,30-0-0-0-0-0-0-hikoukidate01-0-hikoukidate01-none-3-0-10-0-none,,
39,4-0-0-0-0-0-0-0-0-0-none-0-0-0-0-none,,
40,*,航空会社,
41,3-0-left-1-1-0-0-0-0-0-none-0-0-0-0-none,,
42,10-0-0-0-0-0-0-hikoukikaisha01-0-hikoukikaisha01-none-2-0-10-0-none,,
43,4-0-0-0-0-0-0-0-0-0-none-0-0-0-0-none,,
44,*,from,
45,3-0-left-1-1-0-0-0-0-0-none-0-0-0-0-none,,
46,10-0-0-0-0-0-0-hikoukifrom01-0-hikoukifrom01-none-2-0-10-0-none,,
47,4-0-0-0-0-0-0-0-0-0-none-0-0-0-0-none,,
48,*,to,
49,3-0-left-1-1-0-0-0-0-0-none-0-0-0-0-none,,
50,10-0-0-0-0-0-0-hikoukito01-0-hikoukito01-none-2-0-10-0-none,,
51,4-0-0-0-0-0-0-0-0-0-none-0-0-0-0-none,,
52,*,発着,
53,3-0-left-1-1-0-0-0-0-0-none-0-0-0-0-none,,
54,60-0-0-0-0-0-0-hikoukimode01-0-hikoukimode01-none-0-301-10-0-none,,
55,4-0-0-0-0-0-0-0-0-0-none-0-0-0-0-none,,
56,*,時間,
57,3-0-left-1-1-0-0-0-0-0-none-0-0-0-0-none,,
58,40-0-0-0-0-0-0-hikoukitime01-0-hikoukitime01-none-2-0-10-0-none,,
59,4-0-0-0-0-0-0-0-0-0-none-0-0-0-0-none,,
60,*,管理部,
61,3-0-right-1-1-0-0-0-0-0-none-0-0-0-0-none,,
62,10-円-0-0-0-0-0-0-0-0-none-4-0-0-0-none,,
63,4-0-0-0-0-0-0-0-0-0-none-0-0-0-0-none,,
64,5-0-0-0-0-0-0-0-0-0-none-0-0-0-0-none,,
65,*,飛行機手配ここまで,
66,*,飛行機手配ここから02,
67,2-0-0-1-1-0-0-0-0-0-none-0-0-0-0-none,,
68,*,日付,
69,3-0-left-1-1-0-0-0-0-0-none-0-0-0-0-none,,
70,30-0-0-0-0-0-0-hikoukidate02-0-hikoukidate02-none-3-0-10-0-none,,
71,4-0-0-0-0-0-0-0-0-0-none-0-0-0-0-none,,
72,*,航空会社,
73,3-0-left-1-1-0-0-0-0-0-none-0-0-0-0-none,,
74,10-0-0-0-0-0-0-hikoukikaisha02-0-hikoukikaisha02-none-2-0-10-0-none,,
75,4-0-0-0-0-0-0-0-0-0-none-0-0-0-0-none,,
76,*,from,
77,3-0-left-1-1-0-0-0-0-0-none-0-0-0-0-none,,
78,10-0-0-0-0-0-0-hikoukifrom02-0-hikoukifrom02-none-2-0-10-0-none,,
79,4-0-0-0-0-0-0-0-0-0-none-0-0-0-0-none,,
80,*,to,
81,3-0-left-1-1-0-0-0-0-0-none-0-0-0-0-none,,
82,10-0-0-0-0-0-0-hikoukito02-0-hikoukito02-none-2-0-10-0-none,,
83,4-0-0-0-0-0-0-0-0-0-none-0-0-0-0-none,,
84,*,発着,
85,3-0-left-1-1-0-0-0-0-0-none-0-0-0-0-none,,
86,60-0-0-0-0-0-0-hikoukimode02-0-hikoukimode02-none-0-301-10-0-none,,
87,4-0-0-0-0-0-0-0-0-0-none-0-0-0-0-none,,
88,*,時間,
89,3-0-left-1-1-0-0-0-0-0-none-0-0-0-0-none,,
90,40-0-0-0-0-0-0-hikoukitime02-0-hikoukitime02-none-2-0-10-0-none,,
91,4-0-0-0-0-0-0-0-0-0-none-0-0-0-0-none,,
92,*,管理部,
93,3-0-right-1-1-0-0-0-0-0-none-0-0-0-0-none,,
94,10-円-0-0-0-0-0-0-0-0-none-4-0-0-0-none,,
95,4-0-0-0-0-0-0-0-0-0-none-0-0-0-0-none,,
96,5-0-0-0-0-0-0-0-0-0-none-0-0-0-0-none,,
97,*,飛行機手配ここまで,
98,*,飛行機手配ここから03,
99,2-0-0-1-1-0-0-0-0-0-none-0-0-0-0-none,,
100,*,日付,
101,3-0-left-1-1-0-0-0-0-0-none-0-0-0-0-none,,
102,30-0-0-0-0-0-0-hikoukidate03-0-hikoukidate03-none-3-0-10-0-none,,
103,4-0-0-0-0-0-0-0-0-0-none-0-0-0-0-none,,
104,*,航空会社,
105,3-0-left-1-1-0-0-0-0-0-none-0-0-0-0-none,,
106,10-0-0-0-0-0-0-hikoukikaisha03-0-hikoukikaisha03-none-2-0-10-0-none,,
107,4-0-0-0-0-0-0-0-0-0-none-0-0-0-0-none,,
108,*,from,
109,3-0-left-1-1-0-0-0-0-0-none-0-0-0-0-none,,
110,10-0-0-0-0-0-0-hikoukifrom03-0-hikoukifrom03-none-2-0-10-0-none,,
111,4-0-0-0-0-0-0-0-0-0-none-0-0-0-0-none,,
112,*,to,
113,3-0-left-1-1-0-0-0-0-0-none-0-0-0-0-none,,
114,10-0-0-0-0-0-0-hikoukito03-0-hikoukito03-none-2-0-10-0-none,,
115,4-0-0-0-0-0-0-0-0-0-none-0-0-0-0-none,,
116,*,発着,
117,3-0-left-1-1-0-0-0-0-0-none-0-0-0-0-none,,
118,60-0-0-0-0-0-0-hikoukimode03-0-hikoukimode03-none-0-301-10-0-none,,
119,4-0-0-0-0-0-0-0-0-0-none-0-0-0-0-none,,
120,*,時間,
121,3-0-left-1-1-0-0-0-0-0-none-0-0-0-0-none,,
122,40-0-0-0-0-0-0-hikoukitime03-0-hikoukitime03-none-2-0-10-0-none,,
123,4-0-0-0-0-0-0-0-0-0-none-0-0-0-0-none,,
124,*,管理部,
125,3-0-right-1-1-0-0-0-0-0-none-0-0-0-0-none,,
126,10-円-0-0-0-0-0-0-0-0-none-4-0-0-0-none,,
127,4-0-0-0-0-0-0-0-0-0-none-0-0-0-0-none,,
128,5-0-0-0-0-0-0-0-0-0-none-0-0-0-0-none,,
129,*,飛行機手配ここまで,
130,*,飛行機手配ここから04,
131,2-0-0-1-1-0-0-0-0-0-none-0-0-0-0-none,,
132,*,日付,
133,3-0-left-1-1-0-0-0-0-0-none-0-0-0-0-none,,
134,30-0-0-0-0-0-0-hikoukidate04-0-hikoukidate04-none-3-0-10-0-none,,
135,4-0-0-0-0-0-0-0-0-0-none-0-0-0-0-none,,
136,*,航空会社,
137,3-0-left-1-1-0-0-0-0-0-none-0-0-0-0-none,,
138,10-0-0-0-0-0-0-hikoukikaisha04-0-hikoukikaisha04-none-2-0-10-0-none,,
139,4-0-0-0-0-0-0-0-0-0-none-0-0-0-0-none,,
140,*,from,
141,3-0-left-1-1-0-0-0-0-0-none-0-0-0-0-none,,
142,10-0-0-0-0-0-0-hikoukifrom04-0-hikoukifrom04-none-2-0-10-0-none,,
143,4-0-0-0-0-0-0-0-0-0-none-0-0-0-0-none,,
144,*,to,
145,3-0-left-1-1-0-0-0-0-0-none-0-0-0-0-none,,
146,10-0-0-0-0-0-0-hikoukito04-0-hikoukito04-none-2-0-10-0-none,,
147,4-0-0-0-0-0-0-0-0-0-none-0-0-0-0-none,,
148,*,発着,
149,3-0-left-1-1-0-0-0-0-0-none-0-0-0-0-none,,
150,60-0-0-0-0-0-0-hikoukimode04-0-hikoukimode04-none-0-301-10-0-none,,
151,4-0-0-0-0-0-0-0-0-0-none-0-0-0-0-none,,
152,*,時間,
153,3-0-left-1-1-0-0-0-0-0-none-0-0-0-0-none,,
154,40-0-0-0-0-0-0-hikoukitime04-0-hikoukitime04-none-2-0-10-0-none,,
155,4-0-0-0-0-0-0-0-0-0-none-0-0-0-0-none,,
156,*,管理部,
157,3-0-right-1-1-0-0-0-0-0-none-0-0-0-0-none,,
158,10-円-0-0-0-0-0-0-0-0-none-4-0-0-0-none,,
159,4-0-0-0-0-0-0-0-0-0-none-0-0-0-0-none,,
160,5-0-0-0-0-0-0-0-0-0-none-0-0-0-0-none,,
161,*,飛行機手配ここまで,
162,*,飛行機手配ここから05,
163,2-0-0-1-1-0-0-0-0-0-none-0-0-0-0-none,,
164,*,日付,
165,3-0-left-1-1-0-0-0-0-0-none-0-0-0-0-none,,
166,30-0-0-0-0-0-0-hikoukidate05-0-hikoukidate05-none-3-0-10-0-none,,
167,4-0-0-0-0-0-0-0-0-0-none-0-0-0-0-none,,
168,*,航空会社,
169,3-0-left-1-1-0-0-0-0-0-none-0-0-0-0-none,,
170,10-0-0-0-0-0-0-hikoukikaisha05-0-hikoukikaisha05-none-2-0-10-0-none,,
171,4-0-0-0-0-0-0-0-0-0-none-0-0-0-0-none,,
172,*,from,
173,3-0-left-1-1-0-0-0-0-0-none-0-0-0-0-none,,
174,10-0-0-0-0-0-0-hikoukifrom05-0-hikoukifrom05-none-2-0-10-0-none,,
175,4-0-0-0-0-0-0-0-0-0-none-0-0-0-0-none,,
176,*,to,
177,3-0-left-1-1-0-0-0-0-0-none-0-0-0-0-none,,
178,10-0-0-0-0-0-0-hikoukito05-0-hikoukito05-none-2-0-10-0-none,,
179,4-0-0-0-0-0-0-0-0-0-none-0-0-0-0-none,,
180,*,発着,
181,3-0-left-1-1-0-0-0-0-0-none-0-0-0-0-none,,
182,60-0-0-0-0-0-0-hikoukimode05-0-hikoukimode05-none-0-301-10-0-none,,
183,4-0-0-0-0-0-0-0-0-0-none-0-0-0-0-none,,
184,*,時間,
185,3-0-left-1-1-0-0-0-0-0-none-0-0-0-0-none,,
186,40-0-0-0-0-0-0-hikoukitime05-0-hikoukitime05-none-2-0-10-0-none,,
187,4-0-0-0-0-0-0-0-0-0-none-0-0-0-0-none,,
188,*,管理部,
189,3-0-right-1-1-0-0-0-0-0-none-0-0-0-0-none,,
190,10-円-0-0-0-0-0-0-0-0-none-4-0-0-0-none,,
191,4-0-0-0-0-0-0-0-0-0-none-0-0-0-0-none,,
192,5-0-0-0-0-0-0-0-0-0-none-0-0-0-0-none,,
193,*,飛行機手配ここまで,
194,*,宿泊手配,
195,2-0-0-1-1-0-0-0-0-0-none-0-0-0-0-none,,
196,1-宿泊手配-0-1-7-0-0-0-0-0-none-0-0-0-0-none,,
197,5-0-0-0-0-0-0-0-0-0-none-0-0-0-0-none,,
198,2-0-0-1-1-0-0-0-0-0-none-0-0-0-0-none,,
199,1-日付-0-1-1-0-0-0-0-0-none-0-0-0-0-none,,
200,1-泊数-0-1-1-0-0-0-0-0-none-0-0-0-0-none,,
201,1-宿泊地-0-1-3-0-0-0-0-0-none-0-0-0-0-none,,
202,1-喫煙-0-1-1-0-0-0-0-0-none-0-0-0-0-none,,
203,1-管理部-0-1-1-0-0-0-0-0-none-0-0-0-0-none,,
204,5-0-0-0-0-0-0-0-0-0-none-0-0-0-0-none,,
205,*,宿泊手配ここから01,
206,2-0-0-1-1-0-0-0-0-0-none-0-0-0-0-none,,
207,*,日付,
208,3-0-left-1-1-0-0-0-0-0-none-0-0-0-0-none,,
209,30-0-0-0-0-0-0-shukuhakudate01-0-shukuhakudate01-none-3-0-10-0-none,,
210,4-0-0-0-0-0-0-0-0-0-none-0-0-0-0-none,,
211,*,泊数,
212,3-0-left-1-1-0-0-0-0-0-none-0-0-0-0-none,,
213,10-0-0-0-0-0-0-shukuhakunum01-0-shukuhakunum01-none-2-0-10-0-none,,
214,4-0-0-0-0-0-0-0-0-0-none-0-0-0-0-none,,
215,*,宿泊地,
216,3-0-left-1-3-0-0-0-0-0-none-0-0-0-0-none,,
217,10-0-0-0-0-0-0-shukuhakuplace01-0-shukuhakuplace01-none-2-0-40-0-none,,
218,4-0-0-0-0-0-0-0-0-0-none-0-0-0-0-none,,
219,*,喫煙,
220,3-0-left-1-1-0-0-0-0-0-none-0-0-0-0-none,,
221,60-0-0-0-0-0-0-shukuhakusmoke01-0-shukuhakusmoke01-none-0-302-10-0-none,,
222,4-0-0-0-0-0-0-0-0-0-none-0-0-0-0-none,,
223,*,管理部,
224,3-0-right-1-1-0-0-0-0-0-none-0-0-0-0-none,,
225,10-円-0-0-0-0-0-0-0-0-none-4-0-0-0-none,,
226,4-0-0-0-0-0-0-0-0-0-none-0-0-0-0-none,,
227,5-0-0-0-0-0-0-0-0-0-none-0-0-0-0-none,,
228,*,宿泊手配ここまで,
229,*,宿泊手配ここから02,
230,2-0-0-1-1-0-0-0-0-0-none-0-0-0-0-none,,
231,*,日付,
232,3-0-left-1-1-0-0-0-0-0-none-0-0-0-0-none,,
233,30-0-0-0-0-0-0-shukuhakudate02-0-shukuhakudate02-none-3-0-10-0-none,,
234,4-0-0-0-0-0-0-0-0-0-none-0-0-0-0-none,,
235,*,泊数,
236,3-0-left-1-1-0-0-0-0-0-none-0-0-0-0-none,,
237,10-0-0-0-0-0-0-shukuhakunum02-0-shukuhakunum02-none-2-0-10-0-none,,
238,4-0-0-0-0-0-0-0-0-0-none-0-0-0-0-none,,
239,*,宿泊地,
240,3-0-left-1-3-0-0-0-0-0-none-0-0-0-0-none,,
241,10-0-0-0-0-0-0-shukuhakuplace02-0-shukuhakuplace02-none-2-0-40-0-none,,
242,4-0-0-0-0-0-0-0-0-0-none-0-0-0-0-none,,
243,*,喫煙,
244,3-0-left-1-1-0-0-0-0-0-none-0-0-0-0-none,,
245,60-0-0-0-0-0-0-shukuhakusmoke02-0-shukuhakusmoke02-none-0-302-10-0-none,,
246,4-0-0-0-0-0-0-0-0-0-none-0-0-0-0-none,,
247,*,管理部,
248,3-0-right-1-1-0-0-0-0-0-none-0-0-0-0-none,,
249,10-円-0-0-0-0-0-0-0-0-none-4-0-0-0-none,,
250,4-0-0-0-0-0-0-0-0-0-none-0-0-0-0-none,,
251,5-0-0-0-0-0-0-0-0-0-none-0-0-0-0-none,,
252,*,宿泊手配ここまで,
253,*,宿泊手配ここから03,
254,2-0-0-1-1-0-0-0-0-0-none-0-0-0-0-none,,
255,*,日付,
256,3-0-left-1-1-0-0-0-0-0-none-0-0-0-0-none,,
257,30-0-0-0-0-0-0-shukuhakudate03-0-shukuhakudate03-none-3-0-10-0-none,,
258,4-0-0-0-0-0-0-0-0-0-none-0-0-0-0-none,,
259,*,泊数,
260,3-0-left-1-1-0-0-0-0-0-none-0-0-0-0-none,,
261,10-0-0-0-0-0-0-shukuhakunum03-0-shukuhakunum03-none-2-0-10-0-none,,
262,4-0-0-0-0-0-0-0-0-0-none-0-0-0-0-none,,
263,*,宿泊地,
264,3-0-left-1-3-0-0-0-0-0-none-0-0-0-0-none,,
265,10-0-0-0-0-0-0-shukuhakuplace03-0-shukuhakuplace03-none-2-0-40-0-none,,
266,4-0-0-0-0-0-0-0-0-0-none-0-0-0-0-none,,
267,*,喫煙,
268,3-0-left-1-1-0-0-0-0-0-none-0-0-0-0-none,,
269,60-0-0-0-0-0-0-shukuhakusmoke03-0-shukuhakusmoke03-none-0-302-10-0-none,,
270,4-0-0-0-0-0-0-0-0-0-none-0-0-0-0-none,,
271,*,管理部,
272,3-0-right-1-1-0-0-0-0-0-none-0-0-0-0-none,,
273,10-円-0-0-0-0-0-0-0-0-none-4-0-0-0-none,,
274,4-0-0-0-0-0-0-0-0-0-none-0-0-0-0-none,,
275,5-0-0-0-0-0-0-0-0-0-none-0-0-0-0-none,,
276,*,宿泊手配ここまで,
277,*,宿泊手配ここから04,
278,2-0-0-1-1-0-0-0-0-0-none-0-0-0-0-none,,
279,*,日付,
280,3-0-left-1-1-0-0-0-0-0-none-0-0-0-0-none,,
281,30-0-0-0-0-0-0-shukuhakudate04-0-shukuhakudate04-none-3-0-10-0-none,,
282,4-0-0-0-0-0-0-0-0-0-none-0-0-0-0-none,,
283,*,泊数,
284,3-0-left-1-1-0-0-0-0-0-none-0-0-0-0-none,,
285,10-0-0-0-0-0-0-shukuhakunum04-0-shukuhakunum04-none-2-0-10-0-none,,
286,4-0-0-0-0-0-0-0-0-0-none-0-0-0-0-none,,
287,*,宿泊地,
288,3-0-left-1-3-0-0-0-0-0-none-0-0-0-0-none,,
289,10-0-0-0-0-0-0-shukuhakuplace04-0-shukuhakuplace04-none-2-0-40-0-none,,
290,4-0-0-0-0-0-0-0-0-0-none-0-0-0-0-none,,
291,*,喫煙,
292,3-0-left-1-1-0-0-0-0-0-none-0-0-0-0-none,,
293,60-0-0-0-0-0-0-shukuhakusmoke04-0-shukuhakusmoke04-none-0-302-10-0-none,,
294,4-0-0-0-0-0-0-0-0-0-none-0-0-0-0-none,,
295,*,管理部,
296,3-0-right-1-1-0-0-0-0-0-none-0-0-0-0-none,,
297,10-円-0-0-0-0-0-0-0-0-none-4-0-0-0-none,,
298,4-0-0-0-0-0-0-0-0-0-none-0-0-0-0-none,,
299,5-0-0-0-0-0-0-0-0-0-none-0-0-0-0-none,,
300,*,宿泊手配ここまで,
301,*,宿泊手配ここから05,
302,2-0-0-1-1-0-0-0-0-0-none-0-0-0-0-none,,
303,*,日付,
304,3-0-left-1-1-0-0-0-0-0-none-0-0-0-0-none,,
305,30-0-0-0-0-0-0-shukuhakudate05-0-shukuhakudate05-none-3-0-10-0-none,,
306,4-0-0-0-0-0-0-0-0-0-none-0-0-0-0-none,,
307,*,泊数,
308,3-0-left-1-1-0-0-0-0-0-none-0-0-0-0-none,,
309,10-0-0-0-0-0-0-shukuhakunum05-0-shukuhakunum05-none-2-0-10-0-none,,
310,4-0-0-0-0-0-0-0-0-0-none-0-0-0-0-none,,
311,*,宿泊地,
312,3-0-left-1-3-0-0-0-0-0-none-0-0-0-0-none,,
313,10-0-0-0-0-0-0-shukuhakuplace05-0-shukuhakuplace05-none-2-0-40-0-none,,
314,4-0-0-0-0-0-0-0-0-0-none-0-0-0-0-none,,
315,*,喫煙,
316,3-0-left-1-1-0-0-0-0-0-none-0-0-0-0-none,,
317,60-0-0-0-0-0-0-shukuhakusmoke05-0-shukuhakusmoke05-none-0-302-10-0-none,,
318,4-0-0-0-0-0-0-0-0-0-none-0-0-0-0-none,,
319,*,管理部,
320,3-0-right-1-1-0-0-0-0-0-none-0-0-0-0-none,,
321,10-円-0-0-0-0-0-0-0-0-none-4-0-0-0-none,,
322,4-0-0-0-0-0-0-0-0-0-none-0-0-0-0-none,,
323,5-0-0-0-0-0-0-0-0-0-none-0-0-0-0-none,,
324,*,宿泊手配ここまで,
325,*,その他依頼,
326,2-0-0-1-1-0-0-0-0-0-none-0-0-0-0-none,,
327,1-その他依頼-0-1-7-0-0-0-0-0-none-0-0-0-0-none,,
328,5-0-0-0-0-0-0-0-0-0-none-0-0-0-0-none,,
329,2-0-0-1-1-0-0-0-0-0-none-0-0-0-0-none,,
330,1-日付-0-1-1-0-0-0-0-0-none-0-0-0-0-none,,
331,1-交通機関・ホテル名・その他-0-1-5-0-0-0-0-0-none-0-0-0-0-none,,
332,1-管理部-0-1-1-0-0-0-0-0-none-0-0-0-0-none,,
333,5-0-0-0-0-0-0-0-0-0-none-0-0-0-0-none,,
334,*,その他依頼ここから01,
335,2-0-0-1-1-0-0-0-0-0-none-0-0-0-0-none,,
336,*,日付,
337,3-0-left-1-1-0-0-0-0-0-none-0-0-0-0-none,,
338,30-0-0-0-0-0-0-etcdate01-0-etcdate01-none-3-0-10-0-none,,
339,4-0-0-0-0-0-0-0-0-0-none-0-0-0-0-none,,
340,*,ホテル,
341,3-0-left-1-5-0-0-0-0-0-none-0-0-0-0-none,,
342,10-0-0-0-0-0-0-etchotel01-0-etchotel01-none-2-0-80-0-none,,
343,4-0-0-0-0-0-0-0-0-0-none-0-0-0-0-none,,
344,*,管理部,
345,3-0-right-1-3-0-0-0-0-0-none-0-0-0-0-none,,
346,10-円-0-0-0-0-0-0-0-0-none-4-0-0-0-none,,
347,4-0-0-0-0-0-0-0-0-0-none-0-0-0-0-none,,
348,5-0-0-0-0-0-0-0-0-0-none-0-0-0-0-none,,
349,*,その他依頼ここまで,
350,*,その他依頼ここから02,
351,2-0-0-1-1-0-0-0-0-0-none-0-0-0-0-none,,
352,*,日付,
353,3-0-left-1-1-0-0-0-0-0-none-0-0-0-0-none,,
354,30-0-0-0-0-0-0-etcdate02-0-etcdate02-none-3-0-10-0-none,,
355,4-0-0-0-0-0-0-0-0-0-none-0-0-0-0-none,,
356,*,ホテル,
357,3-0-left-1-5-0-0-0-0-0-none-0-0-0-0-none,,
358,10-0-0-0-0-0-0-etchotel02-0-etchotel02-none-2-0-80-0-none,,
359,4-0-0-0-0-0-0-0-0-0-none-0-0-0-0-none,,
360,*,管理部,
361,3-0-right-1-3-0-0-0-0-0-none-0-0-0-0-none,,
362,10-円-0-0-0-0-0-0-0-0-none-4-0-0-0-none,,
363,4-0-0-0-0-0-0-0-0-0-none-0-0-0-0-none,,
364,5-0-0-0-0-0-0-0-0-0-none-0-0-0-0-none,,
365,*,その他依頼ここまで,
366,*,その他依頼ここから03,
367,2-0-0-1-1-0-0-0-0-0-none-0-0-0-0-none,,
368,*,日付,
369,3-0-left-1-1-0-0-0-0-0-none-0-0-0-0-none,,
370,30-0-0-0-0-0-0-etcdate03-0-etcdate03-none-3-0-10-0-none,,
371,4-0-0-0-0-0-0-0-0-0-none-0-0-0-0-none,,
372,*,ホテル,
373,3-0-left-1-5-0-0-0-0-0-none-0-0-0-0-none,,
374,10-0-0-0-0-0-0-etchotel03-0-etchotel03-none-2-0-80-0-none,,
375,4-0-0-0-0-0-0-0-0-0-none-0-0-0-0-none,,
376,*,管理部,
377,3-0-right-1-3-0-0-0-0-0-none-0-0-0-0-none,,
378,10-円-0-0-0-0-0-0-0-0-none-4-0-0-0-none,,
379,4-0-0-0-0-0-0-0-0-0-none-0-0-0-0-none,,
380,5-0-0-0-0-0-0-0-0-0-none-0-0-0-0-none,,
381,*,その他依頼ここまで,
382,*,その他依頼ここから04,
383,2-0-0-1-1-0-0-0-0-0-none-0-0-0-0-none,,
384,*,日付,
385,3-0-left-1-1-0-0-0-0-0-none-0-0-0-0-none,,
386,30-0-0-0-0-0-0-etcdate04-0-etcdate04-none-3-0-10-0-none,,
387,4-0-0-0-0-0-0-0-0-0-none-0-0-0-0-none,,
388,*,ホテル,
389,3-0-left-1-5-0-0-0-0-0-none-0-0-0-0-none,,
390,10-0-0-0-0-0-0-etchotel04-0-etchotel04-none-2-0-80-0-none,,
391,4-0-0-0-0-0-0-0-0-0-none-0-0-0-0-none,,
392,*,管理部,
393,3-0-right-1-3-0-0-0-0-0-none-0-0-0-0-none,,
394,10-円-0-0-0-0-0-0-0-0-none-4-0-0-0-none,,
395,4-0-0-0-0-0-0-0-0-0-none-0-0-0-0-none,,
396,5-0-0-0-0-0-0-0-0-0-none-0-0-0-0-none,,
397,*,その他依頼ここまで,
398,*,その他依頼ここから05,
399,2-0-0-1-1-0-0-0-0-0-none-0-0-0-0-none,,
400,*,日付,
401,3-0-left-1-1-0-0-0-0-0-none-0-0-0-0-none,,
402,30-0-0-0-0-0-0-etcdate05-0-etcdate05-none-3-0-10-0-none,,
403,4-0-0-0-0-0-0-0-0-0-none-0-0-0-0-none,,
404,*,ホテル,
405,3-0-left-1-5-0-0-0-0-0-none-0-0-0-0-none,,
406,10-0-0-0-0-0-0-etchotel05-0-etchotel05-none-2-0-80-0-none,,
407,4-0-0-0-0-0-0-0-0-0-none-0-0-0-0-none,,
408,*,管理部,
409,3-0-right-1-3-0-0-0-0-0-none-0-0-0-0-none,,
410,10-円-0-0-0-0-0-0-0-0-none-4-0-0-0-none,,
411,4-0-0-0-0-0-0-0-0-0-none-0-0-0-0-none,,
412,5-0-0-0-0-0-0-0-0-0-none-0-0-0-0-none,,
413,*,その他依頼ここまで,
